{"accuracy": 0.8472400513478819, "precision": 0.8483356704027606, "recall": 0.8472400513478819, "f1": 0.8307837093428811}