{"accuracy": 0.7501385041551246, "precision": 0.7832174297795541, "recall": 0.7501385041551246, "f1_score": 0.7534853049368482}