{"accuracy": 0.9487603305785124, "precision": 0.9527701254973981, "recall": 0.9487603305785124, "f1": 0.94537119032197}