{"model": "Model/model_registry/model_version_20240101183109.h5", "accuracy": 0.8708609271523179, "precision": 0.8210506919539725, "recall": 0.8708609271523179, "f1": 0.8379103236719131}