{"model": "Model/model_registry/model_version_20240102032316.h5", "accuracy": 0.9337748344370861, "precision": 0.9172185430463576, "recall": 0.9337748344370861, "f1": 0.9227373068432672}