{"model": "Model/model_registry/model_version_20240101173704.h5", "accuracy": 0.8127167630057803, "precision": 0.7932769098045729, "recall": 0.8127167630057803, "f1": 0.7877747335318951}